"2","Ervin Howell","False","delectus aut autem"
"2","Ervin Howell","False","quis ut nam facilis et officia qui"
"2","Ervin Howell","False","fugiat veniam minus"
"2","Ervin Howell","True","et porro tempora"
"2","Ervin Howell","False","laboriosam mollitia et enim quasi adipisci quia provident illum"
"2","Ervin Howell","False","qui ullam ratione quibusdam voluptatem quia omnis"
"2","Ervin Howell","False","illo expedita consequatur quia in"
"2","Ervin Howell","True","quo adipisci enim quam ut ab"
"2","Ervin Howell","False","molestiae perspiciatis ipsa"
"2","Ervin Howell","True","illo est ratione doloremque quia maiores aut"
"2","Ervin Howell","True","vero rerum temporibus dolor"
"2","Ervin Howell","True","ipsa repellendus fugit nisi"
"2","Ervin Howell","False","et doloremque nulla"
"2","Ervin Howell","True","repellendus sunt dolores architecto voluptatum"
"2","Ervin Howell","True","ab voluptatum amet voluptas"
"2","Ervin Howell","True","accusamus eos facilis sint et aut voluptatem"
"2","Ervin Howell","True","quo laboriosam deleniti aut qui"
"2","Ervin Howell","False","dolorum est consequatur ea mollitia in culpa"
"2","Ervin Howell","True","molestiae ipsa aut voluptatibus pariatur dolor nihil"
"2","Ervin Howell","True","ullam nobis libero sapiente ad optio sint"
"2","Ervin Howell","False","suscipit repellat esse quibusdam voluptatem incidunt"
"2","Ervin Howell","True","distinctio vitae autem nihil ut molestias quo"
"2","Ervin Howell","False","et itaque necessitatibus maxime molestiae qui quas velit"
"2","Ervin Howell","False","adipisci non ad dicta qui amet quaerat doloribus ea"
"2","Ervin Howell","True","voluptas quo tenetur perspiciatis explicabo natus"
"2","Ervin Howell","True","aliquam aut quasi"
"2","Ervin Howell","True","veritatis pariatur delectus"
"2","Ervin Howell","False","nesciunt totam sit blanditiis sit"
"2","Ervin Howell","False","laborum aut in quam"
"2","Ervin Howell","True","nemo perspiciatis repellat ut dolor libero commodi blanditiis omnis"
"2","Ervin Howell","False","repudiandae totam in est sint facere fuga"
"2","Ervin Howell","False","earum doloribus ea doloremque quis"
"2","Ervin Howell","False","sint sit aut vero"
"2","Ervin Howell","False","porro aut necessitatibus eaque distinctio"
"2","Ervin Howell","True","repellendus veritatis molestias dicta incidunt"
"2","Ervin Howell","True","excepturi deleniti adipisci voluptatem et neque optio illum ad"
"2","Ervin Howell","False","sunt cum tempora"
"2","Ervin Howell","False","totam quia non"
"2","Ervin Howell","False","doloremque quibusdam asperiores libero corrupti illum qui omnis"
"2","Ervin Howell","True","totam atque quo nesciunt"
"2","Ervin Howell","False","aliquid amet impedit consequatur aspernatur placeat eaque fugiat suscipit"
"2","Ervin Howell","False","rerum perferendis error quia ut eveniet"
"2","Ervin Howell","True","tempore ut sint quis recusandae"
"2","Ervin Howell","True","cum debitis quis accusamus doloremque ipsa natus sapiente omnis"
"2","Ervin Howell","False","velit soluta adipisci molestias reiciendis harum"
"2","Ervin Howell","False","vel voluptatem repellat nihil placeat corporis"
"2","Ervin Howell","False","nam qui rerum fugiat accusamus"
"2","Ervin Howell","False","sit reprehenderit omnis quia"
"2","Ervin Howell","False","ut necessitatibus aut maiores debitis officia blanditiis velit et"
"2","Ervin Howell","True","cupiditate necessitatibus ullam aut quis dolor voluptate"
"2","Ervin Howell","False","distinctio exercitationem ab doloribus"
"2","Ervin Howell","False","nesciunt dolorum quis recusandae ad pariatur ratione"
"2","Ervin Howell","False","qui labore est occaecati recusandae aliquid quam"
"2","Ervin Howell","True","quis et est ut voluptate quam dolor"
"2","Ervin Howell","True","voluptatum omnis minima qui occaecati provident nulla voluptatem ratione"
"2","Ervin Howell","True","deleniti ea temporibus enim"
"2","Ervin Howell","False","pariatur et magnam ea doloribus similique voluptatem rerum quia"
"2","Ervin Howell","False","est dicta totam qui explicabo doloribus qui dignissimos"
"2","Ervin Howell","False","perspiciatis velit id laborum placeat iusto et aliquam odio"
"2","Ervin Howell","True","et sequi qui architecto ut adipisci"
"2","Ervin Howell","True","odit optio omnis qui sunt"
"2","Ervin Howell","False","et placeat et tempore aspernatur sint numquam"
"2","Ervin Howell","True","doloremque aut dolores quidem fuga qui nulla"
"2","Ervin Howell","False","voluptas consequatur qui ut quia magnam nemo esse"
"2","Ervin Howell","False","fugiat pariatur ratione ut asperiores necessitatibus magni"
"2","Ervin Howell","False","rerum eum molestias autem voluptatum sit optio"
"2","Ervin Howell","False","quia voluptatibus voluptatem quos similique maiores repellat"
"2","Ervin Howell","False","aut id perspiciatis voluptatem iusto"
"2","Ervin Howell","False","doloribus sint dolorum ab adipisci itaque dignissimos aliquam suscipit"
"2","Ervin Howell","False","ut sequi accusantium et mollitia delectus sunt"
"2","Ervin Howell","False","aut velit saepe ullam"
"2","Ervin Howell","False","praesentium facilis facere quis harum voluptatibus voluptatem eum"
"2","Ervin Howell","True","sint amet quia totam corporis qui exercitationem commodi"
"2","Ervin Howell","False","expedita tempore nobis eveniet laborum maiores"
"2","Ervin Howell","False","occaecati adipisci est possimus totam"
"2","Ervin Howell","True","sequi dolorem sed"
"2","Ervin Howell","False","maiores aut nesciunt delectus exercitationem vel assumenda eligendi at"
"2","Ervin Howell","False","reiciendis est magnam amet nemo iste recusandae impedit quaerat"
"2","Ervin Howell","True","eum ipsa maxime ut"
"2","Ervin Howell","True","tempore molestias dolores rerum sequi voluptates ipsum consequatur"
"2","Ervin Howell","True","suscipit qui totam"
"2","Ervin Howell","False","voluptates eum voluptas et dicta"
"2","Ervin Howell","True","quidem at rerum quis ex aut sit quam"
"2","Ervin Howell","False","sunt veritatis ut voluptate"
"2","Ervin Howell","True","et quia ad iste a"
"2","Ervin Howell","True","incidunt ut saepe autem"
"2","Ervin Howell","True","laudantium quae eligendi consequatur quia et vero autem"
"2","Ervin Howell","False","vitae aut excepturi laboriosam sint aliquam et et accusantium"
"2","Ervin Howell","True","sequi ut omnis et"
"2","Ervin Howell","True","molestiae nisi accusantium tenetur dolorem et"
"2","Ervin Howell","True","nulla quis consequatur saepe qui id expedita"
"2","Ervin Howell","True","in omnis laboriosam"
"2","Ervin Howell","True","odio iure consequatur molestiae quibusdam necessitatibus quia sint"
"2","Ervin Howell","False","facilis modi saepe mollitia"
"2","Ervin Howell","True","vel nihil et molestiae iusto assumenda nemo quo ut"
"2","Ervin Howell","False","nobis suscipit ducimus enim asperiores voluptas"
"2","Ervin Howell","False","dolorum laboriosam eos qui iure aliquam"
"2","Ervin Howell","True","debitis accusantium ut quo facilis nihil quis sapiente necessitatibus"
"2","Ervin Howell","False","neque voluptates ratione"
"2","Ervin Howell","False","excepturi a et neque qui expedita vel voluptate"
"2","Ervin Howell","False","explicabo enim cumque porro aperiam occaecati minima"
"2","Ervin Howell","False","sed ab consequatur"
"2","Ervin Howell","False","non sunt delectus illo nulla tenetur enim omnis"
"2","Ervin Howell","False","excepturi non laudantium quo"
"2","Ervin Howell","True","totam quia dolorem et illum repellat voluptas optio"
"2","Ervin Howell","True","ad illo quis voluptatem temporibus"
"2","Ervin Howell","False","praesentium facilis omnis laudantium fugit ad iusto nihil nesciunt"
"2","Ervin Howell","True","a eos eaque nihil et exercitationem incidunt delectus"
"2","Ervin Howell","True","autem temporibus harum quisquam in culpa"
"2","Ervin Howell","True","aut aut ea corporis"
"2","Ervin Howell","False","magni accusantium labore et id quis provident"
"2","Ervin Howell","False","consectetur impedit quisquam qui deserunt non rerum consequuntur eius"
"2","Ervin Howell","False","quia atque aliquam sunt impedit voluptatum rerum assumenda nisi"
"2","Ervin Howell","False","cupiditate quos possimus corporis quisquam exercitationem beatae"
"2","Ervin Howell","False","sed et ea eum"
"2","Ervin Howell","True","ipsa dolores vel facilis ut"
"2","Ervin Howell","False","sequi quae est et qui qui eveniet asperiores"
"2","Ervin Howell","False","quia modi consequatur vero fugiat"
"2","Ervin Howell","False","corporis ducimus ea perspiciatis iste"
"2","Ervin Howell","False","dolorem laboriosam vel voluptas et aliquam quasi"
"2","Ervin Howell","True","inventore aut nihil minima laudantium hic qui omnis"
"2","Ervin Howell","True","provident aut nobis culpa"
"2","Ervin Howell","False","esse et quis iste est earum aut impedit"
"2","Ervin Howell","False","qui consectetur id"
"2","Ervin Howell","False","aut quasi autem iste tempore illum possimus"
"2","Ervin Howell","True","ut asperiores perspiciatis veniam ipsum rerum saepe"
"2","Ervin Howell","True","voluptatem libero consectetur rerum ut"
"2","Ervin Howell","False","eius omnis est qui voluptatem autem"
"2","Ervin Howell","False","rerum culpa quis harum"
"2","Ervin Howell","True","nulla aliquid eveniet harum laborum libero alias ut unde"
"2","Ervin Howell","False","qui ea incidunt quis"
"2","Ervin Howell","True","qui molestiae voluptatibus velit iure harum quisquam"
"2","Ervin Howell","True","et labore eos enim rerum consequatur sunt"
"2","Ervin Howell","False","molestiae doloribus et laborum quod ea"
"2","Ervin Howell","False","facere ipsa nam eum voluptates reiciendis vero qui"
"2","Ervin Howell","False","asperiores illo tempora fuga sed ut quasi adipisci"
"2","Ervin Howell","False","qui sit non"
"2","Ervin Howell","True","placeat minima consequatur rem qui ut"
"2","Ervin Howell","False","consequatur doloribus id possimus voluptas a voluptatem"
"2","Ervin Howell","True","aut consectetur in blanditiis deserunt quia sed laboriosam"
"2","Ervin Howell","True","explicabo consectetur debitis voluptates quas quae culpa rerum non"
"2","Ervin Howell","True","maiores accusantium architecto necessitatibus reiciendis ea aut"
"2","Ervin Howell","False","eum non recusandae cupiditate animi"
"2","Ervin Howell","False","ut eum exercitationem sint"
"2","Ervin Howell","False","beatae qui ullam incidunt voluptatem non nisi aliquam"
"2","Ervin Howell","True","molestiae suscipit ratione nihil odio libero impedit vero totam"
"2","Ervin Howell","True","eum itaque quod reprehenderit et facilis dolor autem ut"
"2","Ervin Howell","False","esse quas et quo quasi exercitationem"
"2","Ervin Howell","False","animi voluptas quod perferendis est"
"2","Ervin Howell","False","eos amet tempore laudantium fugit a"
"2","Ervin Howell","True","accusamus adipisci dicta qui quo ea explicabo sed vero"
"2","Ervin Howell","False","odit eligendi recusandae doloremque cumque non"
"2","Ervin Howell","False","ea aperiam consequatur qui repellat eos"
"2","Ervin Howell","True","rerum non ex sapiente"
"2","Ervin Howell","True","voluptatem nobis consequatur et assumenda magnam"
"2","Ervin Howell","True","nam quia quia nulla repellat assumenda quibusdam sit nobis"
"2","Ervin Howell","True","dolorem veniam quisquam deserunt repellendus"
"2","Ervin Howell","True","debitis vitae delectus et harum accusamus aut deleniti a"
"2","Ervin Howell","True","debitis adipisci quibusdam aliquam sed dolore ea praesentium nobis"
"2","Ervin Howell","False","et praesentium aliquam est"
"2","Ervin Howell","True","ex hic consequuntur earum omnis alias ut occaecati culpa"
"2","Ervin Howell","True","omnis laboriosam molestias animi sunt dolore"
"2","Ervin Howell","False","natus corrupti maxime laudantium et voluptatem laboriosam odit"
"2","Ervin Howell","False","reprehenderit quos aut aut consequatur est sed"
"2","Ervin Howell","False","fugiat perferendis sed aut quidem"
"2","Ervin Howell","False","quos quo possimus suscipit minima ut"
"2","Ervin Howell","False","et quis minus quo a asperiores molestiae"
"2","Ervin Howell","False","recusandae quia qui sunt libero"
"2","Ervin Howell","True","ea odio perferendis officiis"
"2","Ervin Howell","False","quisquam aliquam quia doloribus aut"
"2","Ervin Howell","True","fugiat aut voluptatibus corrupti deleniti velit iste odio"
"2","Ervin Howell","False","et provident amet rerum consectetur et voluptatum"
"2","Ervin Howell","False","harum ad aperiam quis"
"2","Ervin Howell","False","similique aut quo"
"2","Ervin Howell","True","laudantium eius officia perferendis provident perspiciatis asperiores"
"2","Ervin Howell","False","magni soluta corrupti ut maiores rem quidem"
"2","Ervin Howell","False","et placeat temporibus voluptas est tempora quos quibusdam"
"2","Ervin Howell","True","nesciunt itaque commodi tempore"
"2","Ervin Howell","True","omnis consequuntur cupiditate impedit itaque ipsam quo"
"2","Ervin Howell","True","debitis nisi et dolorem repellat et"
"2","Ervin Howell","False","ut cupiditate sequi aliquam fuga maiores"
"2","Ervin Howell","True","inventore saepe cumque et aut illum enim"
"2","Ervin Howell","True","omnis nulla eum aliquam distinctio"
"2","Ervin Howell","False","molestias modi perferendis perspiciatis"
"2","Ervin Howell","False","voluptates dignissimos sed doloribus animi quaerat aut"
"2","Ervin Howell","False","explicabo odio est et"
"2","Ervin Howell","False","consequuntur animi possimus"
"2","Ervin Howell","True","vel non beatae est"
"2","Ervin Howell","True","culpa eius et voluptatem et"
"2","Ervin Howell","True","accusamus sint iusto et voluptatem exercitationem"
"2","Ervin Howell","True","temporibus atque distinctio omnis eius impedit tempore molestias pariatur"
"2","Ervin Howell","False","ut quas possimus exercitationem sint voluptates"
"2","Ervin Howell","True","rerum debitis voluptatem qui eveniet tempora distinctio a"
"2","Ervin Howell","False","sed ut vero sit molestiae"
"2","Ervin Howell","True","rerum ex veniam mollitia voluptatibus pariatur"
"2","Ervin Howell","True","consequuntur aut ut fugit similique"
"2","Ervin Howell","True","dignissimos quo nobis earum saepe"
"2","Ervin Howell","True","quis eius est sint explicabo"
"2","Ervin Howell","True","numquam repellendus a magnam"
"2","Ervin Howell","False","ipsam aperiam voluptates qui"
